bid,type,number,billState,status,house,state
CA_201520160AB1,AB,1,Chaptered,Chaptered,Assembly,CA
CA_201520160AB10,AB,10,Enrolled,Died,Assembly,CA
CA_201520160AB100,AB,100,"Amended Assembly",Died,Assembly,CA
CA_201520160AB1000,AB,1000,Chaptered,Chaptered,Assembly,CA
CA_201520160AB1001,AB,1001,Chaptered,Chaptered,Assembly,CA
CA_201520160AB1002,AB,1002,Chaptered,Chaptered,Assembly,CA
CA_201520160AB1003,AB,1003,"Amended Assembly",Died,Assembly,CA
CA_201520160AB1004,AB,1004,Chaptered,Chaptered,Assembly,CA
CA_201520160AB1005,AB,1005,Chaptered,Chaptered,Assembly,CA
CA_201520160AB1006,AB,1006,"Amended Assembly",Died,Assembly,CA
CA_201520160AB1007,AB,1007,"Amended Assembly",Died,Assembly,CA
CA_201520160AB1008,AB,1008,Chaptered,Chaptered,Assembly,CA
CA_201520160AB1009,AB,1009,Introduced,Died,Assembly,CA
CA_201520160AB101,AB,101,Enrolled,Vetoed,Assembly,CA
CA_201520160AB1010,AB,1010,"Amended Assembly","In Committee Process",Assembly,CA
CA_201520160AB1011,AB,1011,"Amended Assembly",Died,Assembly,CA
CA_201520160AB1012,AB,1012,Chaptered,Chaptered,Assembly,CA
CA_201520160AB1013,AB,1013,"Amended Senate","In Committee Process",Assembly,CA
CA_201520160AB1014,AB,1014,Chaptered,Chaptered,Assembly,CA
CA_201520160AB1015,AB,1015,Chaptered,Chaptered,Assembly,CA
CA_201520160AB1016,AB,1016,Chaptered,Chaptered,Assembly,CA
CA_201520160AB1017,AB,1017,Enrolled,Vetoed,Assembly,CA
CA_201520160AB1018,AB,1018,"Amended Assembly","In Committee Process",Assembly,CA
CA_201520160AB1019,AB,1019,Introduced,Died,Assembly,CA
CA_201520160AB102,AB,102,"Amended Assembly",Died,Assembly,CA
CA_201520160AB1020,AB,1020,Chaptered,Chaptered,Assembly,CA
CA_201520160AB1021,AB,1021,"Amended Assembly",Died,Assembly,CA
CA_201520160AB1022,AB,1022,"Amended Assembly",Died,Assembly,CA
CA_201520160AB1023,AB,1023,Enrolled,Vetoed,Assembly,CA
CA_201520160AB1024,AB,1024,Chaptered,Chaptered,Assembly,CA
CA_201520160AB1025,AB,1025,"Amended Senate","In Committee Process",Assembly,CA
CA_201520160AB1026,AB,1026,Introduced,Died,Assembly,CA
CA_201520160AB1027,AB,1027,"Amended Assembly",Died,Assembly,CA
CA_201520160AB1028,AB,1028,Chaptered,Chaptered,Assembly,CA
CA_201520160AB1029,AB,1029,"Amended Senate","In Committee Process",Assembly,CA
CA_201520160AB103,AB,103,"Amended Assembly",Died,Assembly,CA
CA_201520160AB1030,AB,1030,"Amended Senate","In Committee Process",Assembly,CA
CA_201520160AB1031,AB,1031,Enrolled,Vetoed,Assembly,CA
CA_201520160AB1032,AB,1032,Chaptered,Chaptered,Assembly,CA
CA_201520160AB1033,AB,1033,Chaptered,Chaptered,Assembly,CA
CA_201520160AB1034,AB,1034,Chaptered,Chaptered,Assembly,CA
CA_201520160AB1035,AB,1035,"Amended Assembly",Died,Assembly,CA
CA_201520160AB1036,AB,1036,Chaptered,Chaptered,Assembly,CA
CA_201520160AB1037,AB,1037,Introduced,Died,Assembly,CA
CA_201520160AB1038,AB,1038,Introduced,Died,Assembly,CA
CA_201520160AB1039,AB,1039,Chaptered,Chaptered,Assembly,CA
CA_201520160AB104,AB,104,Chaptered,Chaptered,Assembly,CA
CA_201520160AB1040,AB,1040,"Amended Senate","In Committee Process",Assembly,CA
CA_201520160AB1041,AB,1041,Introduced,Died,Assembly,CA
CA_201520160AB1042,AB,1042,Enrolled,Vetoed,Assembly,CA
CA_201520160AB1043,AB,1043,Enrolled,Vetoed,Assembly,CA
CA_201520160AB1044,AB,1044,Introduced,Died,Assembly,CA
CA_201520160AB1045,AB,1045,Chaptered,Chaptered,Assembly,CA
CA_201520160AB1046,AB,1046,"Amended Assembly",Died,Assembly,CA
CA_201520160AB1047,AB,1047,Introduced,Died,Assembly,CA
CA_201520160AB1048,AB,1048,Introduced,Died,Assembly,CA
CA_201520160AB1049,AB,1049,Chaptered,Chaptered,Assembly,CA
CA_201520160AB105,AB,105,"Amended Senate","In Floor Process",Assembly,CA
CA_201520160AB1050,AB,1050,Enrolled,Vetoed,Assembly,CA
CA_201520160AB1051,AB,1051,"Amended Senate","In Committee Process",Assembly,CA
CA_201520160AB1052,AB,1052,"Amended Senate","In Floor Process",Assembly,CA
CA_201520160AB1053,AB,1053,"Amended Assembly",Died,Assembly,CA
CA_201520160AB1054,AB,1054,Introduced,Died,Assembly,CA
CA_201520160AB1055,AB,1055,Introduced,Died,Assembly,CA
CA_201520160AB1056,AB,1056,Chaptered,Chaptered,Assembly,CA
CA_201520160AB1057,AB,1057,Introduced,Died,Assembly,CA
CA_201520160AB1058,AB,1058,Chaptered,Chaptered,Assembly,CA
CA_201520160AB1059,AB,1059,Chaptered,Chaptered,Assembly,CA
CA_201520160AB106,AB,106,"Amended Senate","In Floor Process",Assembly,CA
CA_201520160AB1060,AB,1060,Enrolled,Vetoed,Assembly,CA
CA_201520160AB1061,AB,1061,"Amended Assembly","In Committee Process",Assembly,CA
CA_201520160AB1062,AB,1062,"Amended Assembly","In Committee Process",Assembly,CA
CA_201520160AB1063,AB,1063,"Amended Senate","In Committee Process",Assembly,CA
CA_201520160AB1064,AB,1064,Chaptered,Chaptered,Assembly,CA
CA_201520160AB1065,AB,1065,"Amended Assembly",Died,Assembly,CA
CA_201520160AB1066,AB,1066,Chaptered,Chaptered,Assembly,CA
CA_201520160AB1067,AB,1067,Chaptered,Chaptered,Assembly,CA
CA_201520160AB1068,AB,1068,Introduced,Died,Assembly,CA
CA_201520160AB1069,AB,1069,Chaptered,Chaptered,Assembly,CA
CA_201520160AB107,AB,107,"Amended Senate","In Floor Process",Assembly,CA
CA_201520160AB1070,AB,1070,Introduced,Died,Assembly,CA
CA_201520160AB1071,AB,1071,Chaptered,Chaptered,Assembly,CA
CA_201520160AB1072,AB,1072,Chaptered,Chaptered,Assembly,CA
CA_201520160AB1073,AB,1073,Chaptered,Chaptered,Assembly,CA
CA_201520160AB1074,AB,1074,"Amended Assembly",Died,Assembly,CA
CA_201520160AB1075,AB,1075,Chaptered,Chaptered,Assembly,CA
CA_201520160AB1076,AB,1076,"Amended Assembly",Died,Assembly,CA
CA_201520160AB1077,AB,1077,Chaptered,Chaptered,Assembly,CA
CA_201520160AB1078,AB,1078,Introduced,Died,Assembly,CA
CA_201520160AB1079,AB,1079,Introduced,Died,Assembly,CA
CA_201520160AB108,AB,108,"Amended Senate","In Floor Process",Assembly,CA
CA_201520160AB1080,AB,1080,Introduced,Died,Assembly,CA
CA_201520160AB1081,AB,1081,Chaptered,Chaptered,Assembly,CA
CA_201520160AB1082,AB,1082,"Amended Assembly",Died,Assembly,CA
CA_201520160AB1083,AB,1083,Chaptered,Chaptered,Assembly,CA
CA_201520160AB1084,AB,1084,"Amended Senate","In Floor Process",Assembly,CA
CA_201520160AB1085,AB,1085,Chaptered,Chaptered,Assembly,CA
CA_201520160AB1086,AB,1086,"Amended Assembly",Died,Assembly,CA
CA_201520160AB1087,AB,1087,Introduced,Died,Assembly,CA
CA_201520160AB1088,AB,1088,"Amended Assembly",Died,Assembly,CA
CA_201520160AB1089,AB,1089,Chaptered,Chaptered,Assembly,CA
CA_201520160AB109,AB,109,"Amended Senate","In Floor Process",Assembly,CA
CA_201520160AB1090,AB,1090,"Amended Assembly",Died,Assembly,CA
CA_201520160AB1091,AB,1091,Chaptered,Chaptered,Assembly,CA
CA_201520160AB1092,AB,1092,"Amended Assembly",Died,Assembly,CA
CA_201520160AB1093,AB,1093,Chaptered,Chaptered,Assembly,CA
CA_201520160AB1094,AB,1094,"Amended Assembly",Died,Assembly,CA
CA_201520160AB1095,AB,1095,Chaptered,Chaptered,Assembly,CA
CA_201520160AB1096,AB,1096,Chaptered,Chaptered,Assembly,CA
CA_201520160AB1097,AB,1097,Chaptered,Chaptered,Assembly,CA
CA_201520160AB1098,AB,1098,"Amended Assembly",Died,Assembly,CA
CA_201520160AB1099,AB,1099,"Amended Senate","In Committee Process",Assembly,CA
CA_201520160AB11,AB,11,"Amended Assembly",Died,Assembly,CA
CA_201520160AB110,AB,110,"Amended Senate","In Floor Process",Assembly,CA
CA_201520160AB1100,AB,1100,Chaptered,Chaptered,Assembly,CA
CA_201520160AB1101,AB,1101,Chaptered,Chaptered,Assembly,CA
CA_201520160AB1102,AB,1102,"Amended Senate","In Committee Process",Assembly,CA
CA_201520160AB1103,AB,1103,Chaptered,Chaptered,Assembly,CA
CA_201520160AB1104,AB,1104,Chaptered,Chaptered,Assembly,CA
CA_201520160AB1105,AB,1105,"Amended Senate","In Committee Process",Assembly,CA
CA_201520160AB1106,AB,1106,"Amended Assembly",Died,Assembly,CA
CA_201520160AB1107,AB,1107,Chaptered,Chaptered,Assembly,CA
CA_201520160AB1108,AB,1108,"Amended Senate","In Committee Process",Assembly,CA
CA_201520160AB1109,AB,1109,Introduced,Died,Assembly,CA
CA_201520160AB111,AB,111,"Amended Senate","In Floor Process",Assembly,CA
CA_201520160AB1110,AB,1110,Chaptered,Chaptered,Assembly,CA
CA_201520160AB1111,AB,1111,"Amended Assembly",Died,Assembly,CA
CA_201520160AB1112,AB,1112,"Amended Assembly",Died,Assembly,CA
CA_201520160AB1113,AB,1113,Chaptered,Chaptered,Assembly,CA
CA_201520160AB1114,AB,1114,Chaptered,Chaptered,Assembly,CA
CA_201520160AB1115,AB,1115,Chaptered,Chaptered,Assembly,CA
CA_201520160AB1116,AB,1116,Chaptered,Chaptered,Assembly,CA
CA_201520160AB1117,AB,1117,"Amended Assembly","In Committee Process",Assembly,CA
CA_201520160AB1118,AB,1118,"Amended Assembly",Died,Assembly,CA
CA_201520160AB1119,AB,1119,Chaptered,Chaptered,Assembly,CA
CA_201520160AB112,AB,112,"Amended Senate","In Floor Process",Assembly,CA
CA_201520160AB1120,AB,1120,Introduced,Died,Assembly,CA
CA_201520160AB1121,AB,1121,Introduced,Died,Assembly,CA
CA_201520160AB1122,AB,1122,Introduced,Died,Assembly,CA
CA_201520160AB1123,AB,1123,Introduced,Died,Assembly,CA
CA_201520160AB1124,AB,1124,Chaptered,Chaptered,Assembly,CA
CA_201520160AB1125,AB,1125,"Amended Assembly",Died,Assembly,CA
CA_201520160AB1126,AB,1126,"Amended Assembly","In Committee Process",Assembly,CA
CA_201520160AB1127,AB,1127,"Amended Assembly","In Committee Process",Assembly,CA
CA_201520160AB1128,AB,1128,Introduced,Died,Assembly,CA
CA_201520160AB1129,AB,1129,Chaptered,Chaptered,Assembly,CA
CA_201520160AB113,AB,113,"Amended Senate","In Committee Process",Assembly,CA
CA_201520160AB1130,AB,1130,Chaptered,Chaptered,Assembly,CA
CA_201520160AB1131,AB,1131,Chaptered,Chaptered,Assembly,CA
CA_201520160AB1132,AB,1132,"Amended Assembly",Died,Assembly,CA
CA_201520160AB1133,AB,1133,"Amended Assembly",Died,Assembly,CA
CA_201520160AB1134,AB,1134,Chaptered,Chaptered,Assembly,CA
CA_201520160AB1135,AB,1135,Chaptered,Chaptered,Assembly,CA
CA_201520160AB1136,AB,1136,Introduced,Died,Assembly,CA
CA_201520160AB1137,AB,1137,Introduced,Died,Assembly,CA
CA_201520160AB1138,AB,1138,Introduced,Died,Assembly,CA
CA_201520160AB1139,AB,1139,"Amended Assembly",Died,Assembly,CA
CA_201520160AB114,AB,114,Chaptered,Chaptered,Assembly,CA
CA_201520160AB1140,AB,1140,Chaptered,Chaptered,Assembly,CA
CA_201520160AB1141,AB,1141,Chaptered,Chaptered,Assembly,CA
CA_201520160AB1142,AB,1142,Chaptered,Chaptered,Assembly,CA
CA_201520160AB1143,AB,1143,"Amended Assembly",Died,Assembly,CA
CA_201520160AB1144,AB,1144,"Amended Senate","In Committee Process",Assembly,CA
CA_201520160AB1145,AB,1145,"Amended Senate","In Committee Process",Assembly,CA
CA_201520160AB1146,AB,1146,Chaptered,Chaptered,Assembly,CA
CA_201520160AB1147,AB,1147,Chaptered,Chaptered,Assembly,CA
CA_201520160AB1148,AB,1148,Chaptered,Chaptered,Assembly,CA
CA_201520160AB1149,AB,1149,Chaptered,Chaptered,Assembly,CA
CA_201520160AB115,AB,115,"Amended Senate","In Floor Process",Assembly,CA
CA_201520160AB1150,AB,1150,Chaptered,Chaptered,Assembly,CA
CA_201520160AB1151,AB,1151,Chaptered,Chaptered,Assembly,CA
CA_201520160AB1152,AB,1152,"Amended Assembly",Died,Assembly,CA
CA_201520160AB1153,AB,1153,"Amended Assembly","In Committee Process",Assembly,CA
CA_201520160AB1154,AB,1154,"Amended Assembly",Died,Assembly,CA
CA_201520160AB1155,AB,1155,Introduced,Died,Assembly,CA
CA_201520160AB1156,AB,1156,Chaptered,Chaptered,Assembly,CA
CA_201520160AB1157,AB,1157,Chaptered,Chaptered,Assembly,CA
CA_201520160AB1158,AB,1158,"Amended Assembly",Died,Assembly,CA
CA_201520160AB1159,AB,1159,"Amended Assembly",Died,Assembly,CA
CA_201520160AB116,AB,116,Chaptered,Chaptered,Assembly,CA
CA_201520160AB1160,AB,1160,"Amended Assembly",Died,Assembly,CA
CA_201520160AB1161,AB,1161,"Amended Senate","In Committee Process",Assembly,CA
CA_201520160AB1162,AB,1162,Enrolled,Vetoed,Assembly,CA
CA_201520160AB1163,AB,1163,Chaptered,Chaptered,Assembly,CA
CA_201520160AB1164,AB,1164,Chaptered,Chaptered,Assembly,CA
CA_201520160AB1165,AB,1165,Introduced,Died,Assembly,CA
CA_201520160AB1166,AB,1166,Chaptered,Chaptered,Assembly,CA
CA_201520160AB1167,AB,1167,Introduced,Died,Assembly,CA
CA_201520160AB1168,AB,1168,Chaptered,Chaptered,Assembly,CA
CA_201520160AB1169,AB,1169,"Amended Senate","In Committee Process",Assembly,CA
CA_201520160AB117,AB,117,Chaptered,Chaptered,Assembly,CA
CA_201520160AB1170,AB,1170,Introduced,Died,Assembly,CA
CA_201520160AB1171,AB,1171,Chaptered,Chaptered,Assembly,CA
CA_201520160AB1172,AB,1172,"Amended Senate","In Floor Process",Assembly,CA
CA_201520160AB1173,AB,1173,"Amended Assembly","In Committee Process",Assembly,CA
CA_201520160AB1174,AB,1174,Enrolled,Vetoed,Assembly,CA
CA_201520160AB1175,AB,1175,Chaptered,Chaptered,Assembly,CA
CA_201520160AB1176,AB,1176,Enrolled,Vetoed,Assembly,CA
CA_201520160AB1177,AB,1177,Chaptered,Chaptered,Assembly,CA
CA_201520160AB1178,AB,1178,Chaptered,Chaptered,Assembly,CA
CA_201520160AB1179,AB,1179,Introduced,Died,Assembly,CA
CA_201520160AB118,AB,118,Chaptered,Chaptered,Assembly,CA
CA_201520160AB1180,AB,1180,Chaptered,Chaptered,Assembly,CA
CA_201520160AB1181,AB,1181,"Amended Assembly",Died,Assembly,CA
CA_201520160AB1182,AB,1182,Chaptered,Chaptered,Assembly,CA
CA_201520160AB1183,AB,1183,Introduced,Died,Assembly,CA
CA_201520160AB1184,AB,1184,"Amended Assembly",Died,Assembly,CA
CA_201520160AB1185,AB,1185,Chaptered,Chaptered,Assembly,CA
CA_201520160AB1186,AB,1186,Introduced,Died,Assembly,CA
CA_201520160AB1187,AB,1187,Introduced,Died,Assembly,CA
CA_201520160AB1188,AB,1188,"Amended Senate","In Committee Process",Assembly,CA
CA_201520160AB1189,AB,1189,"Amended Assembly",Died,Assembly,CA
CA_201520160AB119,AB,119,Chaptered,Chaptered,Assembly,CA
CA_201520160AB1190,AB,1190,Introduced,Died,Assembly,CA
CA_201520160AB1191,AB,1191,Chaptered,Chaptered,Assembly,CA
CA_201520160AB1192,AB,1192,"Amended Assembly",Died,Assembly,CA
CA_201520160AB1193,AB,1193,"Amended Assembly",Died,Assembly,CA
CA_201520160AB1194,AB,1194,Chaptered,Chaptered,Assembly,CA
CA_201520160AB1195,AB,1195,Chaptered,Chaptered,Assembly,CA
CA_201520160AB1196,AB,1196,"Amended Assembly",Died,Assembly,CA
CA_201520160AB1197,AB,1197,Chaptered,Chaptered,Assembly,CA
CA_201520160AB1198,AB,1198,Enrolled,Vetoed,Assembly,CA
CA_201520160AB1199,AB,1199,Introduced,"In Committee Process",Assembly,CA
CA_201520160AB12,AB,12,"Amended Senate","In Committee Process",Assembly,CA
CA_201520160AB120,AB,120,Chaptered,Chaptered,Assembly,CA
CA_201520160AB1200,AB,1200,Enrolled,Vetoed,Assembly,CA
CA_201520160AB1201,AB,1201,"Amended Senate","In Committee Process",Assembly,CA
CA_201520160AB1202,AB,1202,"Amended Assembly",Died,Assembly,CA
CA_201520160AB1203,AB,1203,"Amended Assembly",Died,Assembly,CA
CA_201520160AB1204,AB,1204,Chaptered,Chaptered,Assembly,CA
CA_201520160AB1205,AB,1205,"Amended Senate","In Committee Process",Assembly,CA
CA_201520160AB1206,AB,1206,"Amended Assembly",Died,Assembly,CA
CA_201520160AB1207,AB,1207,Chaptered,Chaptered,Assembly,CA
CA_201520160AB1208,AB,1208,"Amended Assembly",Died,Assembly,CA
CA_201520160AB1209,AB,1209,Introduced,Died,Assembly,CA
CA_201520160AB121,AB,121,Introduced,"In Committee Process",Assembly,CA
CA_201520160AB1210,AB,1210,Introduced,Died,Assembly,CA
CA_201520160AB1211,AB,1211,Chaptered,Chaptered,Assembly,CA
CA_201520160AB1212,AB,1212,Introduced,Died,Assembly,CA
CA_201520160AB1213,AB,1213,Introduced,Died,Assembly,CA
CA_201520160AB1214,AB,1214,Introduced,Died,Assembly,CA
CA_201520160AB1215,AB,1215,"Amended Assembly",Died,Assembly,CA
CA_201520160AB1216,AB,1216,"Amended Senate","In Floor Process",Assembly,CA
CA_201520160AB1217,AB,1217,Chaptered,Chaptered,Assembly,CA
CA_201520160AB1218,AB,1218,"Amended Senate","In Committee Process",Assembly,CA
CA_201520160AB1219,AB,1219,Introduced,Died,Assembly,CA
CA_201520160AB122,AB,122,Introduced,"In Committee Process",Assembly,CA
CA_201520160AB1220,AB,1220,Introduced,Died,Assembly,CA
CA_201520160AB1221,AB,1221,"Amended Assembly",Died,Assembly,CA
CA_201520160AB1222,AB,1222,Chaptered,Chaptered,Assembly,CA
CA_201520160AB1223,AB,1223,Chaptered,Chaptered,Assembly,CA
CA_201520160AB1224,AB,1224,Introduced,Died,Assembly,CA
CA_201520160AB1225,AB,1225,Introduced,Died,Assembly,CA
CA_201520160AB1226,AB,1226,"Amended Assembly",Died,Assembly,CA
CA_201520160AB1227,AB,1227,"Amended Assembly",Died,Assembly,CA
CA_201520160AB1228,AB,1228,Chaptered,Chaptered,Assembly,CA
CA_201520160AB1229,AB,1229,"Amended Assembly",Died,Assembly,CA
CA_201520160AB123,AB,123,"Amended Senate","In Floor Process",Assembly,CA
CA_201520160AB1230,AB,1230,Chaptered,Chaptered,Assembly,CA
CA_201520160AB1231,AB,1231,Enrolled,Vetoed,Assembly,CA
CA_201520160AB1232,AB,1232,Enrolled,Vetoed,Assembly,CA
CA_201520160AB1233,AB,1233,"Amended Senate","In Committee Process",Assembly,CA
CA_201520160AB1234,AB,1234,Chaptered,Chaptered,Assembly,CA
CA_201520160AB1235,AB,1235,"Amended Senate","In Committee Process",Assembly,CA
CA_201520160AB1236,AB,1236,Chaptered,Chaptered,Assembly,CA
CA_201520160AB1237,AB,1237,Introduced,Died,Assembly,CA
CA_201520160AB1238,AB,1238,"Amended Assembly",Died,Assembly,CA
CA_201520160AB1239,AB,1239,"Amended Senate",Failed,Assembly,CA
CA_201520160AB124,AB,124,"Amended Senate","In Floor Process",Assembly,CA
CA_201520160AB1240,AB,1240,"Amended Assembly",Died,Assembly,CA
CA_201520160AB1241,AB,1241,Chaptered,Chaptered,Assembly,CA
CA_201520160AB1242,AB,1242,"Amended Senate","In Committee Process",Assembly,CA
CA_201520160AB1243,AB,1243,Introduced,Died,Assembly,CA
CA_201520160AB1244,AB,1244,Chaptered,Chaptered,Assembly,CA
CA_201520160AB1245,AB,1245,Chaptered,Chaptered,Assembly,CA
CA_201520160AB1246,AB,1246,"Amended Assembly",Died,Assembly,CA
CA_201520160AB1247,AB,1247,"Amended Assembly",Died,Assembly,CA
CA_201520160AB1248,AB,1248,"Amended Assembly",Died,Assembly,CA
CA_201520160AB1249,AB,1249,"Amended Assembly",Died,Assembly,CA
CA_201520160AB125,AB,125,Introduced,"In Committee Process",Assembly,CA
CA_201520160AB1250,AB,1250,Chaptered,Chaptered,Assembly,CA
CA_201520160AB1251,AB,1251,Chaptered,Chaptered,Assembly,CA
CA_201520160AB1252,AB,1252,Introduced,Died,Assembly,CA
CA_201520160AB1253,AB,1253,Chaptered,Chaptered,Assembly,CA
CA_201520160AB1254,AB,1254,"Amended Assembly",Died,Assembly,CA
CA_201520160AB1255,AB,1255,"Amended Assembly",Died,Assembly,CA
CA_201520160AB1256,AB,1256,Introduced,Died,Assembly,CA
CA_201520160AB1257,AB,1257,"Amended Assembly",Died,Assembly,CA
CA_201520160AB1258,AB,1258,"Amended Senate","In Committee Process",Assembly,CA
CA_201520160AB1259,AB,1259,Chaptered,Chaptered,Assembly,CA
CA_201520160AB126,AB,126,"Amended Senate","In Floor Process",Assembly,CA
CA_201520160AB1260,AB,1260,"Amended Senate","In Committee Process",Assembly,CA
CA_201520160AB1261,AB,1261,Enrolled,Vetoed,Assembly,CA
CA_201520160AB1262,AB,1262,Chaptered,Chaptered,Assembly,CA
CA_201520160AB1263,AB,1263,Introduced,Died,Assembly,CA
CA_201520160AB1264,AB,1264,Introduced,Died,Assembly,CA
CA_201520160AB1265,AB,1265,"Amended Assembly",Died,Assembly,CA
CA_201520160AB1266,AB,1266,Chaptered,Chaptered,Assembly,CA
CA_201520160AB1267,AB,1267,Chaptered,Chaptered,Assembly,CA
CA_201520160AB1268,AB,1268,"Amended Assembly",Died,Assembly,CA
CA_201520160AB1269,AB,1269,Chaptered,Chaptered,Assembly,CA
CA_201520160AB127,AB,127,"Amended Senate","In Floor Process",Assembly,CA
CA_201520160AB1270,AB,1270,Chaptered,Chaptered,Assembly,CA
CA_201520160AB1271,AB,1271,"Amended Assembly",Died,Assembly,CA
CA_201520160AB1272,AB,1272,Chaptered,Chaptered,Assembly,CA
CA_201520160AB1273,AB,1273,Introduced,Died,Assembly,CA
CA_201520160AB1274,AB,1274,Chaptered,Chaptered,Assembly,CA
CA_201520160AB1275,AB,1275,"Amended Assembly",Died,Assembly,CA
CA_201520160AB1276,AB,1276,Chaptered,Chaptered,Assembly,CA
CA_201520160AB1277,AB,1277,Chaptered,Chaptered,Assembly,CA
CA_201520160AB1278,AB,1278,Introduced,"In Floor Process",Assembly,CA
CA_201520160AB1279,AB,1279,Enrolled,Vetoed,Assembly,CA
CA_201520160AB128,AB,128,"Amended Senate","In Floor Process",Assembly,CA
CA_201520160AB1280,AB,1280,Introduced,Died,Assembly,CA
CA_201520160AB1281,AB,1281,Introduced,Died,Assembly,CA
CA_201520160AB1282,AB,1282,Chaptered,Chaptered,Assembly,CA
CA_201520160AB1283,AB,1283,Introduced,"In Committee Process",Assembly,CA
CA_201520160AB1284,AB,1284,Chaptered,Chaptered,Assembly,CA
CA_201520160AB1285,AB,1285,Introduced,Died,Assembly,CA
CA_201520160AB1286,AB,1286,"Amended Assembly",Died,Assembly,CA
CA_201520160AB1287,AB,1287,Chaptered,Chaptered,Assembly,CA
CA_201520160AB1288,AB,1288,Chaptered,Chaptered,Assembly,CA
CA_201520160AB1289,AB,1289,Chaptered,Chaptered,Assembly,CA
CA_201520160AB129,AB,129,"Amended Senate","In Floor Process",Assembly,CA
CA_201520160AB1290,AB,1290,Chaptered,Chaptered,Assembly,CA
CA_201520160AB1291,AB,1291,Chaptered,Chaptered,Assembly,CA
CA_201520160AB1292,AB,1292,Chaptered,Chaptered,Assembly,CA
CA_201520160AB1293,AB,1293,Enrolled,Vetoed,Assembly,CA
CA_201520160AB1294,AB,1294,"Amended Assembly",Died,Assembly,CA
CA_201520160AB1295,AB,1295,Chaptered,Chaptered,Assembly,CA
CA_201520160AB1296,AB,1296,"Amended Assembly",Died,Assembly,CA
CA_201520160AB1297,AB,1297,Introduced,Died,Assembly,CA
CA_201520160AB1298,AB,1298,"Amended Assembly",Died,Assembly,CA
CA_201520160AB1299,AB,1299,Chaptered,Chaptered,Assembly,CA
CA_201520160AB13,AB,13,"Amended Assembly","In Committee Process",Assembly,CA
CA_201520160AB130,AB,130,"Amended Senate","In Committee Process",Assembly,CA
CA_201520160AB1300,AB,1300,"Amended Senate","In Committee Process",Assembly,CA
CA_201520160AB1301,AB,1301,Enrolled,Vetoed,Assembly,CA
CA_201520160AB1302,AB,1302,Introduced,Died,Assembly,CA
CA_201520160AB1303,AB,1303,Chaptered,Chaptered,Assembly,CA
CA_201520160AB1304,AB,1304,Introduced,Died,Assembly,CA
CA_201520160AB1305,AB,1305,Chaptered,Chaptered,Assembly,CA
CA_201520160AB1306,AB,1306,"Amended Senate",Failed,Assembly,CA
CA_201520160AB1307,AB,1307,Chaptered,Chaptered,Assembly,CA
CA_201520160AB1308,AB,1308,Chaptered,Chaptered,Assembly,CA
CA_201520160AB1309,AB,1309,Introduced,Died,Assembly,CA
CA_201520160AB131,AB,131,"Amended Senate","In Floor Process",Assembly,CA
CA_201520160AB1310,AB,1310,Chaptered,Chaptered,Assembly,CA
CA_201520160AB1311,AB,1311,Chaptered,Chaptered,Assembly,CA
CA_201520160AB1312,AB,1312,Chaptered,Chaptered,Assembly,CA
CA_201520160AB1313,AB,1313,Introduced,Died,Assembly,CA
CA_201520160AB1314,AB,1314,Introduced,Died,Assembly,CA
CA_201520160AB1315,AB,1315,"Amended Assembly",Died,Assembly,CA
CA_201520160AB1316,AB,1316,"Amended Assembly",Died,Assembly,CA
CA_201520160AB1317,AB,1317,"Amended Senate","In Committee Process",Assembly,CA
CA_201520160AB1318,AB,1318,"Amended Assembly",Died,Assembly,CA
CA_201520160AB1319,AB,1319,Introduced,"In Committee Process",Assembly,CA
CA_201520160AB132,AB,132,Introduced,"In Committee Process",Assembly,CA
CA_201520160AB1320,AB,1320,Chaptered,Chaptered,Assembly,CA
CA_201520160AB1321,AB,1321,Chaptered,Chaptered,Assembly,CA
CA_201520160AB1322,AB,1322,Chaptered,Chaptered,Assembly,CA
CA_201520160AB1323,AB,1323,Chaptered,Chaptered,Assembly,CA
CA_201520160AB1324,AB,1324,"Amended Assembly",Died,Assembly,CA
CA_201520160AB1325,AB,1325,Introduced,Died,Assembly,CA
CA_201520160AB1326,AB,1326,"Amended Senate","In Committee Process",Assembly,CA
CA_201520160AB1327,AB,1327,Introduced,Died,Assembly,CA
CA_201520160AB1328,AB,1328,Chaptered,Chaptered,Assembly,CA
CA_201520160AB1329,AB,1329,"Amended Assembly",Died,Assembly,CA
CA_201520160AB133,AB,133,Chaptered,Chaptered,Assembly,CA
CA_201520160AB1330,AB,1330,Chaptered,Chaptered,Assembly,CA
CA_201520160AB1331,AB,1331,Introduced,Died,Assembly,CA
CA_201520160AB1332,AB,1332,Introduced,Died,Assembly,CA
CA_201520160AB1333,AB,1333,"Amended Assembly",Died,Assembly,CA
CA_201520160AB1334,AB,1334,Introduced,Died,Assembly,CA
CA_201520160AB1335,AB,1335,"Amended Assembly",Died,Assembly,CA
CA_201520160AB1336,AB,1336,"Amended Assembly",Died,Assembly,CA
CA_201520160AB1337,AB,1337,Chaptered,Chaptered,Assembly,CA
CA_201520160AB1338,AB,1338,Chaptered,Chaptered,Assembly,CA
CA_201520160AB1339,AB,1339,Chaptered,Chaptered,Assembly,CA
CA_201520160AB134,AB,134,"Amended Senate","In Floor Process",Assembly,CA
CA_201520160AB1340,AB,1340,"Amended Assembly",Died,Assembly,CA
CA_201520160AB1341,AB,1341,Introduced,Died,Assembly,CA
CA_201520160AB1342,AB,1342,Enrolled,Vetoed,Assembly,CA
CA_201520160AB1343,AB,1343,Chaptered,Chaptered,Assembly,CA
CA_201520160AB1344,AB,1344,"Amended Assembly",Died,Assembly,CA
CA_201520160AB1345,AB,1345,Introduced,Died,Assembly,CA
CA_201520160AB1346,AB,1346,"Amended Senate","In Floor Process",Assembly,CA
CA_201520160AB1347,AB,1347,Enrolled,Vetoed,Assembly,CA
CA_201520160AB1348,AB,1348,Chaptered,Chaptered,Assembly,CA
CA_201520160AB1349,AB,1349,Introduced,Died,Assembly,CA
CA_201520160AB135,AB,135,Introduced,"In Committee Process",Assembly,CA
CA_201520160AB1350,AB,1350,Chaptered,Chaptered,Assembly,CA
CA_201520160AB1351,AB,1351,Enrolled,Vetoed,Assembly,CA
CA_201520160AB1352,AB,1352,Chaptered,Chaptered,Assembly,CA
CA_201520160AB1353,AB,1353,Chaptered,Chaptered,Assembly,CA
CA_201520160AB1354,AB,1354,Enrolled,Vetoed,Assembly,CA
CA_201520160AB1355,AB,1355,Chaptered,Chaptered,Assembly,CA
CA_201520160AB1356,AB,1356,"Amended Assembly",Died,Assembly,CA
CA_201520160AB1357,AB,1357,"Amended Assembly",Died,Assembly,CA
CA_201520160AB1358,AB,1358,Chaptered,Chaptered,Assembly,CA
CA_201520160AB1359,AB,1359,Chaptered,Chaptered,Assembly,CA
CA_201520160AB136,AB,136,Introduced,"In Committee Process",Assembly,CA
CA_201520160AB1360,AB,1360,"Amended Senate","In Committee Process",Assembly,CA
CA_201520160AB1361,AB,1361,Enrolled,Vetoed,Assembly,CA
CA_201520160AB1362,AB,1362,Chaptered,Chaptered,Assembly,CA
CA_201520160AB1363,AB,1363,Chaptered,Chaptered,Assembly,CA
CA_201520160AB1364,AB,1364,Introduced,"In Committee Process",Assembly,CA
CA_201520160AB1365,AB,1365,Introduced,Died,Assembly,CA
CA_201520160AB1366,AB,1366,"Amended Senate","In Floor Process",Assembly,CA
CA_201520160AB1367,AB,1367,Introduced,Died,Assembly,CA
CA_201520160AB1368,AB,1368,Introduced,Died,Assembly,CA
CA_201520160AB1369,AB,1369,Chaptered,Chaptered,Assembly,CA
CA_201520160AB137,AB,137,Introduced,"In Committee Process",Assembly,CA
CA_201520160AB1370,AB,1370,"Amended Assembly","In Committee Process",Assembly,CA
CA_201520160AB1371,AB,1371,"Amended Assembly",Died,Assembly,CA
CA_201520160AB1372,AB,1372,Introduced,Died,Assembly,CA
CA_201520160AB1373,AB,1373,Chaptered,Chaptered,Assembly,CA
CA_201520160AB1374,AB,1374,Chaptered,Chaptered,Assembly,CA
CA_201520160AB1375,AB,1375,Chaptered,Chaptered,Assembly,CA
CA_201520160AB1376,AB,1376,"Amended Assembly",Died,Assembly,CA
CA_201520160AB1377,AB,1377,Introduced,Died,Assembly,CA
CA_201520160AB1378,AB,1378,Enrolled,Vetoed,Assembly,CA
CA_201520160AB1379,AB,1379,Introduced,Died,Assembly,CA
CA_201520160AB138,AB,138,Introduced,"In Committee Process",Assembly,CA
CA_201520160AB1380,AB,1380,Introduced,Died,Assembly,CA
CA_201520160AB1381,AB,1381,Chaptered,Chaptered,Assembly,CA
CA_201520160AB1382,AB,1382,Introduced,Died,Assembly,CA
CA_201520160AB1383,AB,1383,"Amended Senate","In Committee Process",Assembly,CA
CA_201520160AB1384,AB,1384,"Amended Assembly",Died,Assembly,CA
CA_201520160AB1385,AB,1385,"Amended Senate","In Floor Process",Assembly,CA
CA_201520160AB1386,AB,1386,Chaptered,Chaptered,Assembly,CA
CA_201520160AB1387,AB,1387,Chaptered,Chaptered,Assembly,CA
CA_201520160AB1388,AB,1388,Introduced,Died,Assembly,CA
CA_201520160AB1389,AB,1389,"Amended Assembly",Died,Assembly,CA
CA_201520160AB139,AB,139,Chaptered,Chaptered,Assembly,CA
CA_201520160AB1390,AB,1390,Chaptered,Chaptered,Assembly,CA
CA_201520160AB1391,AB,1391,Chaptered,Chaptered,Assembly,CA
CA_201520160AB1392,AB,1392,Introduced,Died,Assembly,CA
CA_201520160AB1393,AB,1393,"Amended Senate","In Committee Process",Assembly,CA
CA_201520160AB1394,AB,1394,Introduced,Died,Assembly,CA
CA_201520160AB1395,AB,1395,"Amended Senate","In Committee Process",Assembly,CA
CA_201520160AB1396,AB,1396,"Amended Assembly",Died,Assembly,CA
CA_201520160AB1397,AB,1397,"Amended Senate","In Floor Process",Assembly,CA
CA_201520160AB1398,AB,1398,Introduced,Died,Assembly,CA
CA_201520160AB1399,AB,1399,Chaptered,Chaptered,Assembly,CA
CA_201520160AB14,AB,14,"Amended Assembly",Died,Assembly,CA
CA_201520160AB140,AB,140,Introduced,Died,Assembly,CA
CA_201520160AB1400,AB,1400,"Amended Senate","In Committee Process",Assembly,CA
CA_201520160AB1401,AB,1401,Chaptered,Chaptered,Assembly,CA
CA_201520160AB1402,AB,1402,Introduced,Died,Assembly,CA
CA_201520160AB1403,AB,1403,Chaptered,Chaptered,Assembly,CA
CA_201520160AB1404,AB,1404,Introduced,Died,Assembly,CA
CA_201520160AB1405,AB,1405,"Amended Assembly",Died,Assembly,CA
CA_201520160AB1406,AB,1406,"Amended Assembly",Died,Assembly,CA
CA_201520160AB1407,AB,1407,Chaptered,Chaptered,Assembly,CA
CA_201520160AB1408,AB,1408,"Amended Assembly",Died,Assembly,CA
CA_201520160AB1409,AB,1409,Introduced,Died,Assembly,CA
CA_201520160AB141,AB,141,Enrolled,Vetoed,Assembly,CA
CA_201520160AB1410,AB,1410,Introduced,Died,Assembly,CA
CA_201520160AB1411,AB,1411,Chaptered,Chaptered,Assembly,CA
CA_201520160AB1412,AB,1412,Enrolled,Vetoed,Assembly,CA
CA_201520160AB1413,AB,1413,Introduced,Died,Assembly,CA
CA_201520160AB1414,AB,1414,Introduced,Died,Assembly,CA
CA_201520160AB1415,AB,1415,"Amended Assembly",Died,Assembly,CA
CA_201520160AB1416,AB,1416,Introduced,Died,Assembly,CA
CA_201520160AB1417,AB,1417,"Amended Assembly",Died,Assembly,CA
CA_201520160AB1418,AB,1418,Introduced,Died,Assembly,CA
CA_201520160AB1419,AB,1419,Chaptered,Chaptered,Assembly,CA
CA_201520160AB142,AB,142,Chaptered,Chaptered,Assembly,CA
CA_201520160AB1420,AB,1420,Chaptered,Chaptered,Assembly,CA
CA_201520160AB1421,AB,1421,Introduced,Died,Assembly,CA
CA_201520160AB1422,AB,1422,Chaptered,Chaptered,Assembly,CA
CA_201520160AB1423,AB,1423,Chaptered,Chaptered,Assembly,CA
CA_201520160AB1424,AB,1424,Chaptered,Chaptered,Assembly,CA
CA_201520160AB1425,AB,1425,Introduced,Died,Assembly,CA
CA_201520160AB1426,AB,1426,"Amended Senate","In Committee Process",Assembly,CA
CA_201520160AB1427,AB,1427,Introduced,Died,Assembly,CA
CA_201520160AB1428,AB,1428,Introduced,Died,Assembly,CA
CA_201520160AB1429,AB,1429,"Amended Assembly","In Committee Process",Assembly,CA
CA_201520160AB143,AB,143,Chaptered,Chaptered,Assembly,CA
CA_201520160AB1430,AB,1430,"Amended Assembly","In Floor Process",Assembly,CA
CA_201520160AB1431,AB,1431,Chaptered,Chaptered,Assembly,CA
CA_201520160AB1432,AB,1432,Chaptered,Chaptered,Assembly,CA
CA_201520160AB1433,AB,1433,Introduced,Died,Assembly,CA
CA_201520160AB1434,AB,1434,"Amended Assembly",Died,Assembly,CA
CA_201520160AB1435,AB,1435,"Amended Senate","In Committee Process",Assembly,CA
CA_201520160AB1436,AB,1436,Chaptered,Chaptered,Assembly,CA
CA_201520160AB1437,AB,1437,"Amended Senate","In Committee Process",Assembly,CA
CA_201520160AB1438,AB,1438,Introduced,Died,Assembly,CA
CA_201520160AB1439,AB,1439,Introduced,Died,Assembly,CA
CA_201520160AB144,AB,144,Enrolled,Vetoed,Assembly,CA
CA_201520160AB1440,AB,1440,"Amended Assembly","In Committee Process",Assembly,CA
CA_201520160AB1441,AB,1441,"Amended Assembly",Died,Assembly,CA
CA_201520160AB1442,AB,1442,"Amended Assembly",Died,Assembly,CA
CA_201520160AB1443,AB,1443,Chaptered,Chaptered,Assembly,CA
CA_201520160AB1444,AB,1444,"Amended Senate","In Committee Process",Assembly,CA
CA_201520160AB1445,AB,1445,Introduced,Died,Assembly,CA
CA_201520160AB1446,AB,1446,Chaptered,Chaptered,Assembly,CA
CA_201520160AB1447,AB,1447,"Amended Assembly",Died,Assembly,CA
CA_201520160AB1448,AB,1448,Chaptered,Chaptered,Assembly,CA
CA_201520160AB1449,AB,1449,Chaptered,Chaptered,Assembly,CA
CA_201520160AB145,AB,145,Chaptered,Chaptered,Assembly,CA
CA_201520160AB1450,AB,1450,"Amended Assembly",Died,Assembly,CA
CA_201520160AB1451,AB,1451,Enrolled,Vetoed,Assembly,CA
CA_201520160AB1452,AB,1452,Chaptered,Chaptered,Assembly,CA
CA_201520160AB1453,AB,1453,"Amended Senate","In Floor Process",Assembly,CA
CA_201520160AB1454,AB,1454,"Amended Assembly",Died,Assembly,CA
CA_201520160AB1455,AB,1455,"Amended Senate","In Committee Process",Assembly,CA
CA_201520160AB1456,AB,1456,Introduced,Died,Assembly,CA
CA_201520160AB1457,AB,1457,Introduced,Died,Assembly,CA
CA_201520160AB1458,AB,1458,Introduced,Died,Assembly,CA
CA_201520160AB1459,AB,1459,"Amended Assembly",Died,Assembly,CA
CA_201520160AB146,AB,146,Chaptered,Chaptered,Assembly,CA
CA_201520160AB1460,AB,1460,Introduced,Died,Assembly,CA
CA_201520160AB1461,AB,1461,Chaptered,Chaptered,Assembly,CA
CA_201520160AB1462,AB,1462,"Amended Assembly",Died,Assembly,CA
CA_201520160AB1463,AB,1463,"Amended Senate","In Committee Process",Assembly,CA
CA_201520160AB1464,AB,1464,"Amended Assembly",Died,Assembly,CA
CA_201520160AB1465,AB,1465,Chaptered,Chaptered,Assembly,CA
CA_201520160AB1466,AB,1466,Introduced,Died,Assembly,CA
CA_201520160AB1467,AB,1467,Introduced,Died,Assembly,CA
CA_201520160AB1468,AB,1468,"Amended Assembly",Died,Assembly,CA
CA_201520160AB1469,AB,1469,Introduced,Died,Assembly,CA
CA_201520160AB147,AB,147,Chaptered,Chaptered,Assembly,CA
CA_201520160AB1470,AB,1470,"Amended Assembly",Died,Assembly,CA
CA_201520160AB1471,AB,1471,Chaptered,Chaptered,Assembly,CA
CA_201520160AB1472,AB,1472,Introduced,Died,Assembly,CA
CA_201520160AB1473,AB,1473,"Amended Assembly",Died,Assembly,CA
CA_201520160AB1474,AB,1474,Introduced,Died,Assembly,CA
CA_201520160AB1475,AB,1475,Chaptered,Chaptered,Assembly,CA
CA_201520160AB1476,AB,1476,Introduced,Died,Assembly,CA
CA_201520160AB1477,AB,1477,Introduced,Died,Assembly,CA
CA_201520160AB1478,AB,1478,Introduced,Died,Assembly,CA
CA_201520160AB1479,AB,1479,Introduced,Died,Assembly,CA
CA_201520160AB148,AB,148,"Amended Assembly",Died,Assembly,CA
CA_201520160AB1480,AB,1480,Introduced,Died,Assembly,CA
CA_201520160AB1481,AB,1481,Introduced,Died,Assembly,CA
CA_201520160AB1482,AB,1482,Chaptered,Chaptered,Assembly,CA
CA_201520160AB1483,AB,1483,"Amended Assembly",Died,Assembly,CA
CA_201520160AB1484,AB,1484,"Amended Assembly",Died,Assembly,CA
CA_201520160AB1485,AB,1485,"Amended Assembly",Died,Assembly,CA
CA_201520160AB1486,AB,1486,Introduced,Died,Assembly,CA
CA_201520160AB1487,AB,1487,Introduced,Died,Assembly,CA
CA_201520160AB1488,AB,1488,Introduced,Died,Assembly,CA
CA_201520160AB1489,AB,1489,Introduced,Died,Assembly,CA
CA_201520160AB149,AB,149,Chaptered,Chaptered,Assembly,CA
CA_201520160AB1490,AB,1490,"Amended Assembly",Died,Assembly,CA
CA_201520160AB1491,AB,1491,"Amended Assembly",Died,Assembly,CA
CA_201520160AB1492,AB,1492,Chaptered,Chaptered,Assembly,CA
CA_201520160AB1493,AB,1493,"Amended Assembly",Died,Assembly,CA
CA_201520160AB1494,AB,1494,Chaptered,Chaptered,Assembly,CA
CA_201520160AB1495,AB,1495,"Amended Assembly",Died,Assembly,CA
CA_201520160AB1496,AB,1496,Chaptered,Chaptered,Assembly,CA
CA_201520160AB1497,AB,1497,Introduced,Died,Assembly,CA
CA_201520160AB1498,AB,1498,Introduced,Died,Assembly,CA
CA_201520160AB1499,AB,1499,Introduced,Died,Assembly,CA
CA_201520160AB15,AB,15,Chaptered,Chaptered,Assembly,CA
CA_201520160AB150,AB,150,"Amended Assembly",Died,Assembly,CA
CA_201520160AB1500,AB,1500,Chaptered,Chaptered,Assembly,CA
CA_201520160AB1501,AB,1501,"Amended Assembly",Died,Assembly,CA
CA_201520160AB1502,AB,1502,Introduced,Died,Assembly,CA
CA_201520160AB1503,AB,1503,"Amended Assembly",Died,Assembly,CA
CA_201520160AB1504,AB,1504,Chaptered,Chaptered,Assembly,CA
CA_201520160AB1505,AB,1505,Enrolled,Vetoed,Assembly,CA
CA_201520160AB1506,AB,1506,Chaptered,Chaptered,Assembly,CA
CA_201520160AB1507,AB,1507,"Amended Senate","In Committee Process",Assembly,CA
CA_201520160AB1508,AB,1508,"Amended Senate","In Committee Process",Assembly,CA
CA_201520160AB1509,AB,1509,Chaptered,Chaptered,Assembly,CA
CA_201520160AB151,AB,151,"Amended Assembly",Died,Assembly,CA
CA_201520160AB1510,AB,1510,Introduced,Died,Assembly,CA
CA_201520160AB1511,AB,1511,Chaptered,Chaptered,Assembly,CA
CA_201520160AB1512,AB,1512,Chaptered,Chaptered,Assembly,CA
CA_201520160AB1513,AB,1513,Chaptered,Chaptered,Assembly,CA
CA_201520160AB1514,AB,1514,Chaptered,Chaptered,Assembly,CA
CA_201520160AB1515,AB,1515,Chaptered,Chaptered,Assembly,CA
CA_201520160AB1516,AB,1516,Chaptered,Chaptered,Assembly,CA
CA_201520160AB1517,AB,1517,Chaptered,Chaptered,Assembly,CA
CA_201520160AB1518,AB,1518,"Amended Senate","In Floor Process",Assembly,CA
CA_201520160AB1519,AB,1519,Chaptered,Chaptered,Assembly,CA
CA_201520160AB152,AB,152,Introduced,Died,Assembly,CA
CA_201520160AB1520,AB,1520,"Amended Senate","In Floor Process",Assembly,CA
CA_201520160AB1521,AB,1521,Chaptered,Chaptered,Assembly,CA
CA_201520160AB1522,AB,1522,"Amended Senate","In Committee Process",Assembly,CA
CA_201520160AB1523,AB,1523,Introduced,"In Committee Process",Assembly,CA
CA_201520160AB1524,AB,1524,Chaptered,Chaptered,Assembly,CA
CA_201520160AB1525,AB,1525,Chaptered,Chaptered,Assembly,CA
CA_201520160AB1526,AB,1526,Enrolled,Vetoed,Assembly,CA
CA_201520160AB1527,AB,1527,Chaptered,Chaptered,Assembly,CA
CA_201520160AB1528,AB,1528,Chaptered,Chaptered,Assembly,CA
CA_201520160AB1529,AB,1529,"Amended Assembly",Died,Assembly,CA
CA_201520160AB153,AB,153,Introduced,Died,Assembly,CA
CA_201520160AB1530,AB,1530,"Amended Senate","In Committee Process",Assembly,CA
CA_201520160AB1531,AB,1531,Chaptered,Chaptered,Assembly,CA
CA_201520160AB1532,AB,1532,Chaptered,Chaptered,Assembly,CA
CA_201520160AB1533,AB,1533,Chaptered,Chaptered,Assembly,CA
CA_201520160AB1534,AB,1534,Chaptered,Chaptered,Assembly,CA
CA_201520160AB1535,AB,1535,Chaptered,Chaptered,Assembly,CA
CA_201520160AB1536,AB,1536,Chaptered,Chaptered,Assembly,CA
CA_201520160AB1537,AB,1537,Chaptered,Chaptered,Assembly,CA
CA_201520160AB1538,AB,1538,Chaptered,Chaptered,Assembly,CA
CA_201520160AB1539,AB,1539,Introduced,Died,Assembly,CA
CA_201520160AB154,AB,154,Chaptered,Chaptered,Assembly,CA
CA_201520160AB1540,AB,1540,Chaptered,Chaptered,Assembly,CA
CA_201520160AB1541,AB,1541,Chaptered,Chaptered,Assembly,CA
CA_201520160AB1542,AB,1542,Enrolled,Vetoed,Assembly,CA
CA_201520160AB1543,AB,1543,"Amended Assembly",Died,Assembly,CA
CA_201520160AB1544,AB,1544,Chaptered,Chaptered,Assembly,CA
CA_201520160AB1545,AB,1545,Introduced,Died,Assembly,CA
CA_201520160AB1546,AB,1546,Chaptered,Chaptered,Assembly,CA
CA_201520160AB1547,AB,1547,Introduced,Died,Assembly,CA
CA_201520160AB1548,AB,1548,Introduced,Died,Assembly,CA
CA_201520160AB1549,AB,1549,Chaptered,Chaptered,Assembly,CA
CA_201520160AB155,AB,155,Introduced,Died,Assembly,CA
CA_201520160AB1550,AB,1550,Chaptered,Chaptered,Assembly,CA
CA_201520160AB1551,AB,1551,Introduced,"Pending Referral",Assembly,CA
CA_201520160AB1552,AB,1552,Introduced,"Pending Referral",Assembly,CA
CA_201520160AB1553,AB,1553,Chaptered,Chaptered,Assembly,CA
CA_201520160AB1554,AB,1554,Chaptered,Chaptered,Assembly,CA
CA_201520160AB1555,AB,1555,"Amended Assembly","In Committee Process",Assembly,CA
CA_201520160AB1556,AB,1556,"Amended Assembly","In Committee Process",Assembly,CA
CA_201520160AB1557,AB,1557,Chaptered,Chaptered,Assembly,CA
CA_201520160AB1558,AB,1558,Chaptered,Chaptered,Assembly,CA
CA_201520160AB1559,AB,1559,Chaptered,Chaptered,Assembly,CA
CA_201520160AB156,AB,156,"Amended Senate","In Floor Process",Assembly,CA
CA_201520160AB1560,AB,1560,"Amended Assembly","In Committee Process",Assembly,CA
CA_201520160AB1561,AB,1561,Enrolled,Vetoed,Assembly,CA
CA_201520160AB1562,AB,1562,"Amended Assembly","In Committee Process",Assembly,CA
CA_201520160AB1563,AB,1563,Chaptered,Chaptered,Assembly,CA
CA_201520160AB1564,AB,1564,Chaptered,Chaptered,Assembly,CA
CA_201520160AB1565,AB,1565,Introduced,"In Committee Process",Assembly,CA
CA_201520160AB1566,AB,1566,"Amended Assembly",Died,Assembly,CA
CA_201520160AB1567,AB,1567,Chaptered,Chaptered,Assembly,CA
CA_201520160AB1568,AB,1568,Chaptered,Chaptered,Assembly,CA
CA_201520160AB1569,AB,1569,"Amended Assembly","In Committee Process",Assembly,CA
CA_201520160AB157,AB,157,Chaptered,Chaptered,Assembly,CA
CA_201520160AB1570,AB,1570,Chaptered,Chaptered,Assembly,CA
CA_201520160AB1571,AB,1571,"Amended Assembly","In Committee Process",Assembly,CA
CA_201520160AB1572,AB,1572,"Amended Assembly","In Committee Process",Assembly,CA
CA_201520160AB1573,AB,1573,Introduced,"In Committee Process",Assembly,CA
CA_201520160AB1574,AB,1574,"Amended Assembly","In Floor Process",Assembly,CA
CA_201520160AB1575,AB,1575,"Amended Senate","In Committee Process",Assembly,CA
CA_201520160AB1576,AB,1576,"Amended Assembly","In Committee Process",Assembly,CA
CA_201520160AB1577,AB,1577,Chaptered,Chaptered,Assembly,CA
CA_201520160AB1578,AB,1578,"Amended Assembly","In Committee Process",Assembly,CA
CA_201520160AB1579,AB,1579,Introduced,"In Committee Process",Assembly,CA
CA_201520160AB158,AB,158,Chaptered,Chaptered,Assembly,CA
CA_201520160AB1580,AB,1580,Chaptered,Chaptered,Assembly,CA
CA_201520160AB1581,AB,1581,Introduced,"In Committee Process",Assembly,CA
CA_201520160AB1582,AB,1582,"Amended Assembly","In Committee Process",Assembly,CA
CA_201520160AB1583,AB,1583,"Amended Assembly","In Committee Process",Assembly,CA
CA_201520160AB1584,AB,1584,Enrolled,Vetoed,Assembly,CA
CA_201520160AB1585,AB,1585,"Amended Assembly","In Committee Process",Assembly,CA
CA_201520160AB1586,AB,1586,"Amended Assembly","In Committee Process",Assembly,CA
CA_201520160AB1587,AB,1587,"Amended Assembly","In Committee Process",Assembly,CA
CA_201520160AB1588,AB,1588,Enrolled,Vetoed,Assembly,CA
CA_201520160AB1589,AB,1589,"Amended Assembly","In Committee Process",Assembly,CA
CA_201520160AB159,AB,159,Enrolled,Vetoed,Assembly,CA
CA_201520160AB1590,AB,1590,"Amended Assembly","In Committee Process",Assembly,CA
CA_201520160AB1591,AB,1591,Introduced,"In Committee Process",Assembly,CA
CA_201520160AB1592,AB,1592,Chaptered,Chaptered,Assembly,CA
CA_201520160AB1593,AB,1593,Chaptered,Chaptered,Assembly,CA
CA_201520160AB1594,AB,1594,Enrolled,Vetoed,Assembly,CA
CA_201520160AB1595,AB,1595,"Amended Assembly","In Committee Process",Assembly,CA
CA_201520160AB1596,AB,1596,"Amended Assembly","In Committee Process",Assembly,CA
CA_201520160AB1597,AB,1597,Chaptered,Chaptered,Assembly,CA
CA_201520160AB1598,AB,1598,"Amended Assembly","In Committee Process",Assembly,CA
CA_201520160AB1599,AB,1599,"Amended Senate","In Floor Process",Assembly,CA
CA_201520160AB16,AB,16,Introduced,Died,Assembly,CA
CA_201520160AB160,AB,160,Chaptered,Chaptered,Assembly,CA
CA_201520160AB1600,AB,1600,"Amended Senate","In Floor Process",Assembly,CA
CA_201520160AB1601,AB,1601,"Amended Assembly","In Committee Process",Assembly,CA
CA_201520160AB1602,AB,1602,Chaptered,Chaptered,Assembly,CA
CA_201520160AB1603,AB,1603,Chaptered,Chaptered,Assembly,CA
CA_201520160AB1604,AB,1604,"Amended Assembly","In Committee Process",Assembly,CA
CA_201520160AB1605,AB,1605,"Amended Senate","In Floor Process",Assembly,CA
CA_201520160AB1606,AB,1606,Chaptered,Chaptered,Assembly,CA
CA_201520160AB1607,AB,1607,Chaptered,Chaptered,Assembly,CA
CA_201520160AB1608,AB,1608,"Amended Senate","In Floor Process",Assembly,CA
CA_201520160AB1609,AB,1609,"Amended Senate","In Floor Process",Assembly,CA
CA_201520160AB161,AB,161,Enrolled,Vetoed,Assembly,CA
CA_201520160AB1610,AB,1610,"Amended Senate","In Floor Process",Assembly,CA
CA_201520160AB1611,AB,1611,"Amended Senate","In Floor Process",Assembly,CA
CA_201520160AB1612,AB,1612,"Amended Senate","In Floor Process",Assembly,CA
CA_201520160AB1613,AB,1613,Chaptered,Chaptered,Assembly,CA
CA_201520160AB1614,AB,1614,"Amended Assembly","In Committee Process",Assembly,CA
CA_201520160AB1615,AB,1615,"Amended Senate","In Floor Process",Assembly,CA
CA_201520160AB1616,AB,1616,"Amended Senate","In Floor Process",Assembly,CA
CA_201520160AB1617,AB,1617,"Amended Assembly","In Committee Process",Assembly,CA
CA_201520160AB1618,AB,1618,Chaptered,Chaptered,Assembly,CA
CA_201520160AB1619,AB,1619,"Amended Assembly","In Committee Process",Assembly,CA
CA_201520160AB162,AB,162,Chaptered,Chaptered,Assembly,CA
CA_201520160AB1620,AB,1620,"Amended Senate","In Floor Process",Assembly,CA
CA_201520160AB1621,AB,1621,"Amended Assembly","In Committee Process",Assembly,CA
CA_201520160AB1622,AB,1622,Chaptered,Chaptered,Assembly,CA
CA_201520160AB1623,AB,1623,Chaptered,Chaptered,Assembly,CA
CA_201520160AB1624,AB,1624,Chaptered,Chaptered,Assembly,CA
CA_201520160AB1625,AB,1625,Chaptered,Chaptered,Assembly,CA
CA_201520160AB1626,AB,1626,"Amended Senate","In Floor Process",Assembly,CA
CA_201520160AB1627,AB,1627,Chaptered,Chaptered,Assembly,CA
CA_201520160AB1628,AB,1628,Chaptered,Chaptered,Assembly,CA
CA_201520160AB1629,AB,1629,"Amended Senate","In Committee Process",Assembly,CA
CA_201520160AB163,AB,163,Chaptered,Chaptered,Assembly,CA
CA_201520160AB1630,AB,1630,Chaptered,Chaptered,Assembly,CA
CA_201520160AB1631,AB,1631,"Amended Assembly","In Committee Process",Assembly,CA
CA_201520160AB1632,AB,1632,"Amended Assembly","In Committee Process",Assembly,CA
CA_201520160AB1633,AB,1633,"Amended Assembly","In Committee Process",Assembly,CA
CA_201520160AB1634,AB,1634,"Amended Assembly","In Committee Process",Assembly,CA
CA_201520160AB1635,AB,1635,"Amended Assembly","In Committee Process",Assembly,CA
CA_201520160AB1636,AB,1636,"Amended Assembly","In Committee Process",Assembly,CA
CA_201520160AB1637,AB,1637,Chaptered,Chaptered,Assembly,CA
CA_201520160AB1638,AB,1638,"Amended Senate","In Committee Process",Assembly,CA
CA_201520160AB1639,AB,1639,Chaptered,Chaptered,Assembly,CA
CA_201520160AB164,AB,164,Chaptered,Chaptered,Assembly,CA
CA_201520160AB1640,AB,1640,"Amended Senate","In Floor Process",Assembly,CA
CA_201520160AB1641,AB,1641,Introduced,"In Committee Process",Assembly,CA
CA_201520160AB1642,AB,1642,Introduced,"In Committee Process",Assembly,CA
CA_201520160AB1643,AB,1643,Enrolled,Vetoed,Assembly,CA
CA_201520160AB1644,AB,1644,"Amended Senate","In Committee Process",Assembly,CA
CA_201520160AB1645,AB,1645,Chaptered,Chaptered,Assembly,CA
CA_201520160AB1646,AB,1646,"Amended Assembly","In Committee Process",Assembly,CA
CA_201520160AB1647,AB,1647,Introduced,"In Committee Process",Assembly,CA
CA_201520160AB1648,AB,1648,"Amended Assembly","In Committee Process",Assembly,CA
CA_201520160AB1649,AB,1649,"Amended Assembly","In Committee Process",Assembly,CA
CA_201520160AB165,AB,165,Chaptered,Chaptered,Assembly,CA
CA_201520160AB1650,AB,1650,Chaptered,Chaptered,Assembly,CA
CA_201520160AB1651,AB,1651,Chaptered,Chaptered,Assembly,CA
CA_201520160AB1652,AB,1652,Introduced,"In Committee Process",Assembly,CA
CA_201520160AB1653,AB,1653,Enrolled,Vetoed,Assembly,CA
CA_201520160AB1654,AB,1654,Chaptered,Chaptered,Assembly,CA
CA_201520160AB1655,AB,1655,Introduced,"In Committee Process",Assembly,CA
CA_201520160AB1656,AB,1656,Introduced,"In Committee Process",Assembly,CA
CA_201520160AB1657,AB,1657,"Amended Assembly","In Committee Process",Assembly,CA
CA_201520160AB1658,AB,1658,Chaptered,Chaptered,Assembly,CA
CA_201520160AB1659,AB,1659,Introduced,"In Committee Process",Assembly,CA
CA_201520160AB166,AB,166,Chaptered,Chaptered,Assembly,CA
CA_201520160AB1660,AB,1660,Chaptered,Chaptered,Assembly,CA
CA_201520160AB1661,AB,1661,Chaptered,Chaptered,Assembly,CA
CA_201520160AB1662,AB,1662,Enrolled,Vetoed,Assembly,CA
CA_201520160AB1663,AB,1663,Introduced,"In Committee Process",Assembly,CA
CA_201520160AB1664,AB,1664,"Amended Senate","In Floor Process",Assembly,CA
CA_201520160AB1665,AB,1665,Chaptered,Chaptered,Assembly,CA
CA_201520160AB1666,AB,1666,Chaptered,Chaptered,Assembly,CA
CA_201520160AB1667,AB,1667,"Amended Assembly","In Committee Process",Assembly,CA
CA_201520160AB1668,AB,1668,Chaptered,Chaptered,Assembly,CA
CA_201520160AB1669,AB,1669,Chaptered,Chaptered,Assembly,CA
CA_201520160AB167,AB,167,Introduced,Died,Assembly,CA
CA_201520160AB1670,AB,1670,Chaptered,Chaptered,Assembly,CA
CA_201520160AB1671,AB,1671,Chaptered,Chaptered,Assembly,CA
CA_201520160AB1672,AB,1672,"Amended Senate","In Committee Process",Assembly,CA
CA_201520160AB1673,AB,1673,Enrolled,Vetoed,Assembly,CA
CA_201520160AB1674,AB,1674,Enrolled,Vetoed,Assembly,CA
CA_201520160AB1675,AB,1675,"Amended Senate","In Committee Process",Assembly,CA
CA_201520160AB1676,AB,1676,Chaptered,Chaptered,Assembly,CA
CA_201520160AB1677,AB,1677,Chaptered,Chaptered,Assembly,CA
CA_201520160AB1678,AB,1678,Chaptered,Chaptered,Assembly,CA
CA_201520160AB1679,AB,1679,"Amended Assembly","In Committee Process",Assembly,CA
CA_201520160AB168,AB,168,Chaptered,Chaptered,Assembly,CA
CA_201520160AB1680,AB,1680,Chaptered,Chaptered,Assembly,CA
CA_201520160AB1681,AB,1681,"Amended Assembly","In Committee Process",Assembly,CA
CA_201520160AB1682,AB,1682,Chaptered,Chaptered,Assembly,CA
CA_201520160AB1683,AB,1683,"Amended Assembly","In Committee Process",Assembly,CA
CA_201520160AB1684,AB,1684,Chaptered,Chaptered,Assembly,CA
CA_201520160AB1685,AB,1685,Chaptered,Chaptered,Assembly,CA
CA_201520160AB1686,AB,1686,"Amended Assembly","In Committee Process",Assembly,CA
CA_201520160AB1687,AB,1687,Chaptered,Chaptered,Assembly,CA
CA_201520160AB1688,AB,1688,Chaptered,Chaptered,Assembly,CA
CA_201520160AB1689,AB,1689,Introduced,"In Committee Process",Assembly,CA
CA_201520160AB169,AB,169,Chaptered,Chaptered,Assembly,CA
CA_201520160AB1690,AB,1690,Chaptered,Chaptered,Assembly,CA
CA_201520160AB1691,AB,1691,"Amended Senate","In Committee Process",Assembly,CA
CA_201520160AB1692,AB,1692,Chaptered,Chaptered,Assembly,CA
CA_201520160AB1693,AB,1693,Chaptered,Chaptered,Assembly,CA
CA_201520160AB1694,AB,1694,"Amended Assembly","In Committee Process",Assembly,CA
CA_201520160AB1695,AB,1695,Chaptered,Chaptered,Assembly,CA
CA_201520160AB1696,AB,1696,Chaptered,Chaptered,Assembly,CA
CA_201520160AB1697,AB,1697,Chaptered,Chaptered,Assembly,CA
CA_201520160AB1698,AB,1698,Introduced,"In Committee Process",Assembly,CA
CA_201520160AB1699,AB,1699,"Amended Assembly","In Committee Process",Assembly,CA
CA_201520160AB17,AB,17,"Amended Assembly",Died,Assembly,CA
CA_201520160AB170,AB,170,"Amended Senate","In Committee Process",Assembly,CA
CA_201520160AB1700,AB,1700,Chaptered,Chaptered,Assembly,CA
CA_201520160AB1701,AB,1701,Chaptered,Chaptered,Assembly,CA
CA_201520160AB1702,AB,1702,Chaptered,Chaptered,Assembly,CA
CA_201520160AB1703,AB,1703,Chaptered,Chaptered,Assembly,CA
CA_201520160AB1704,AB,1704,"Amended Senate","In Committee Process",Assembly,CA
CA_201520160AB1705,AB,1705,Chaptered,Chaptered,Assembly,CA
CA_201520160AB1706,AB,1706,"Amended Assembly","In Committee Process",Assembly,CA
CA_201520160AB1707,AB,1707,"Amended Assembly","In Committee Process",Assembly,CA
CA_201520160AB1708,AB,1708,Enrolled,Vetoed,Assembly,CA
CA_201520160AB1709,AB,1709,Chaptered,Chaptered,Assembly,CA
CA_201520160AB171,AB,171,"Amended Senate","In Floor Process",Assembly,CA
CA_201520160AB1710,AB,1710,"Amended Assembly","In Committee Process",Assembly,CA
CA_201520160AB1711,AB,1711,"Amended Senate","In Committee Process",Assembly,CA
CA_201520160AB1712,AB,1712,Chaptered,Chaptered,Assembly,CA
CA_201520160AB1713,AB,1713,Introduced,"In Committee Process",Assembly,CA
CA_201520160AB1714,AB,1714,"Amended Assembly","In Committee Process",Assembly,CA
CA_201520160AB1715,AB,1715,"Amended Senate","In Committee Process",Assembly,CA
CA_201520160AB1716,AB,1716,Chaptered,Chaptered,Assembly,CA
CA_201520160AB1717,AB,1717,"Amended Assembly","In Committee Process",Assembly,CA
CA_201520160AB1718,AB,1718,"Amended Assembly",Died,Assembly,CA
CA_201520160AB1719,AB,1719,Chaptered,Chaptered,Assembly,CA
CA_201520160AB172,AB,172,Enrolled,Vetoed,Assembly,CA
CA_201520160AB1720,AB,1720,"Amended Assembly","In Committee Process",Assembly,CA
CA_201520160AB1721,AB,1721,"Amended Senate","In Committee Process",Assembly,CA
CA_201520160AB1722,AB,1722,Chaptered,Chaptered,Assembly,CA
CA_201520160AB1723,AB,1723,Chaptered,Chaptered,Assembly,CA
CA_201520160AB1724,AB,1724,Introduced,"In Committee Process",Assembly,CA
CA_201520160AB1725,AB,1725,"Amended Assembly","In Committee Process",Assembly,CA
CA_201520160AB1726,AB,1726,Chaptered,Chaptered,Assembly,CA
CA_201520160AB1727,AB,1727,"Amended Assembly","In Committee Process",Assembly,CA
CA_201520160AB1728,AB,1728,Introduced,"Pending Referral",Assembly,CA
CA_201520160AB1729,AB,1729,"Amended Assembly","In Committee Process",Assembly,CA
CA_201520160AB173,AB,173,Chaptered,Chaptered,Assembly,CA
CA_201520160AB1730,AB,1730,Enrolled,Vetoed,Assembly,CA
CA_201520160AB1731,AB,1731,"Amended Senate","In Committee Process",Assembly,CA
CA_201520160AB1732,AB,1732,Chaptered,Chaptered,Assembly,CA
CA_201520160AB1733,AB,1733,Introduced,"Pending Referral",Assembly,CA
CA_201520160AB1734,AB,1734,Chaptered,Chaptered,Assembly,CA
CA_201520160AB1735,AB,1735,Chaptered,Chaptered,Assembly,CA
CA_201520160AB1736,AB,1736,"Amended Assembly","In Committee Process",Assembly,CA
CA_201520160AB1737,AB,1737,Introduced,"In Committee Process",Assembly,CA
CA_201520160AB1738,AB,1738,"Amended Assembly","In Committee Process",Assembly,CA
CA_201520160AB1739,AB,1739,Enrolled,Vetoed,Assembly,CA
CA_201520160AB174,AB,174,"Amended Assembly","In Committee Process",Assembly,CA
CA_201520160AB1740,AB,1740,"Amended Assembly","In Committee Process",Assembly,CA
CA_201520160AB1741,AB,1741,Chaptered,Chaptered,Assembly,CA
CA_201520160AB1742,AB,1742,"Amended Assembly","In Committee Process",Assembly,CA
CA_201520160AB1743,AB,1743,"Amended Senate","In Committee Process",Assembly,CA
CA_201520160AB1744,AB,1744,Chaptered,Chaptered,Assembly,CA
CA_201520160AB1745,AB,1745,Introduced,"In Committee Process",Assembly,CA
CA_201520160AB1746,AB,1746,"Amended Senate","In Committee Process",Assembly,CA
CA_201520160AB1747,AB,1747,Chaptered,Chaptered,Assembly,CA
CA_201520160AB1748,AB,1748,Chaptered,Chaptered,Assembly,CA
CA_201520160AB1749,AB,1749,"Amended Senate","In Floor Process",Assembly,CA
CA_201520160AB175,AB,175,Introduced,Died,Assembly,CA
CA_201520160AB1750,AB,1750,Chaptered,Chaptered,Assembly,CA
CA_201520160AB1751,AB,1751,Chaptered,Chaptered,Assembly,CA
CA_201520160AB1752,AB,1752,"Amended Assembly","In Committee Process",Assembly,CA
CA_201520160AB1753,AB,1753,"Amended Assembly","In Committee Process",Assembly,CA
CA_201520160AB1754,AB,1754,"Amended Assembly","In Committee Process",Assembly,CA
CA_201520160AB1755,AB,1755,Chaptered,Chaptered,Assembly,CA
CA_201520160AB1756,AB,1756,"Amended Assembly","In Committee Process",Assembly,CA
CA_201520160AB1757,AB,1757,Chaptered,Chaptered,Assembly,CA
CA_201520160AB1758,AB,1758,"Amended Assembly",Died,Assembly,CA
CA_201520160AB1759,AB,1759,Introduced,"In Committee Process",Assembly,CA
CA_201520160AB176,AB,176,Enrolled,Vetoed,Assembly,CA
CA_201520160AB1760,AB,1760,"Amended Assembly","In Committee Process",Assembly,CA
CA_201520160AB1761,AB,1761,Chaptered,Chaptered,Assembly,CA
CA_201520160AB1762,AB,1762,Enrolled,Vetoed,Assembly,CA
CA_201520160AB1763,AB,1763,Enrolled,Vetoed,Assembly,CA
CA_201520160AB1764,AB,1764,"Amended Assembly","In Committee Process",Assembly,CA
CA_201520160AB1765,AB,1765,Chaptered,Chaptered,Assembly,CA
CA_201520160AB1766,AB,1766,Enrolled,Vetoed,Assembly,CA
CA_201520160AB1767,AB,1767,Chaptered,Chaptered,Assembly,CA
CA_201520160AB1768,AB,1768,"Amended Assembly","In Committee Process",Assembly,CA
CA_201520160AB1769,AB,1769,Chaptered,Chaptered,Assembly,CA
CA_201520160AB177,AB,177,Chaptered,Chaptered,Assembly,CA
CA_201520160AB1770,AB,1770,Enrolled,Vetoed,Assembly,CA
CA_201520160AB1771,AB,1771,"Amended Senate","In Committee Process",Assembly,CA
CA_201520160AB1772,AB,1772,"Amended Assembly","In Committee Process",Assembly,CA
CA_201520160AB1773,AB,1773,Chaptered,Chaptered,Assembly,CA
CA_201520160AB1774,AB,1774,"Amended Assembly","In Committee Process",Assembly,CA
CA_201520160AB1775,AB,1775,Chaptered,Chaptered,Assembly,CA
CA_201520160AB1776,AB,1776,"Amended Senate","In Committee Process",Assembly,CA
CA_201520160AB1777,AB,1777,"Amended Assembly","In Committee Process",Assembly,CA
CA_201520160AB1778,AB,1778,Enrolled,Vetoed,Assembly,CA
CA_201520160AB1779,AB,1779,Chaptered,Chaptered,Assembly,CA
CA_201520160AB178,AB,178,Chaptered,Chaptered,Assembly,CA
CA_201520160AB1780,AB,1780,"Amended Assembly","In Committee Process",Assembly,CA
CA_201520160AB1781,AB,1781,"Amended Assembly","In Committee Process",Assembly,CA
CA_201520160AB1782,AB,1782,Enrolled,Vetoed,Assembly,CA
CA_201520160AB1783,AB,1783,Enrolled,Vetoed,Assembly,CA
CA_201520160AB1784,AB,1784,Chaptered,Chaptered,Assembly,CA
CA_201520160AB1785,AB,1785,Chaptered,Chaptered,Assembly,CA
CA_201520160AB1786,AB,1786,Chaptered,Chaptered,Assembly,CA
CA_201520160AB1787,AB,1787,Chaptered,Chaptered,Assembly,CA
CA_201520160AB1788,AB,1788,"Amended Assembly","In Committee Process",Assembly,CA
CA_201520160AB1789,AB,1789,Chaptered,Chaptered,Assembly,CA
CA_201520160AB179,AB,179,Chaptered,Chaptered,Assembly,CA
CA_201520160AB1790,AB,1790,"Amended Assembly","In Committee Process",Assembly,CA
CA_201520160AB1791,AB,1791,"Amended Assembly","In Committee Process",Assembly,CA
CA_201520160AB1792,AB,1792,"Amended Assembly","In Committee Process",Assembly,CA
CA_201520160AB1793,AB,1793,Chaptered,Chaptered,Assembly,CA
CA_201520160AB1794,AB,1794,Chaptered,Chaptered,Assembly,CA
CA_201520160AB1795,AB,1795,Chaptered,Chaptered,Assembly,CA
CA_201520160AB1796,AB,1796,"Amended Senate","In Committee Process",Assembly,CA
CA_201520160AB1797,AB,1797,Chaptered,Chaptered,Assembly,CA
CA_201520160AB1798,AB,1798,Chaptered,Chaptered,Assembly,CA
CA_201520160AB1799,AB,1799,"Amended Senate","In Committee Process",Assembly,CA
CA_201520160AB18,AB,18,"Amended Senate","In Committee Process",Assembly,CA
CA_201520160AB180,AB,180,Chaptered,Chaptered,Assembly,CA
CA_201520160AB1800,AB,1800,"Amended Assembly","In Committee Process",Assembly,CA
CA_201520160AB1801,AB,1801,Introduced,"In Committee Process",Assembly,CA
CA_201520160AB1802,AB,1802,"Amended Senate","In Committee Process",Assembly,CA
CA_201520160AB1803,AB,1803,Introduced,"Pending Referral",Assembly,CA
CA_201520160AB1804,AB,1804,Introduced,"Pending Referral",Assembly,CA
CA_201520160AB1805,AB,1805,Introduced,"Pending Referral",Assembly,CA
CA_201520160AB1806,AB,1806,Introduced,"Pending Referral",Assembly,CA
CA_201520160AB1807,AB,1807,Chaptered,Chaptered,Assembly,CA
CA_201520160AB1808,AB,1808,Chaptered,Chaptered,Assembly,CA
CA_201520160AB1809,AB,1809,"Amended Senate","In Committee Process",Assembly,CA
CA_201520160AB181,AB,181,Chaptered,Chaptered,Assembly,CA
CA_201520160AB1810,AB,1810,Chaptered,Chaptered,Assembly,CA
CA_201520160AB1811,AB,1811,Chaptered,Chaptered,Assembly,CA
CA_201520160AB1812,AB,1812,Introduced,"In Committee Process",Assembly,CA
CA_201520160AB1813,AB,1813,Chaptered,Chaptered,Assembly,CA
CA_201520160AB1814,AB,1814,"Amended Assembly","In Committee Process",Assembly,CA
CA_201520160AB1815,AB,1815,"Amended Assembly","In Committee Process",Assembly,CA
CA_201520160AB1816,AB,1816,Chaptered,Chaptered,Assembly,CA
CA_201520160AB1817,AB,1817,Chaptered,Chaptered,Assembly,CA
CA_201520160AB1818,AB,1818,Introduced,"Pending Referral",Assembly,CA
CA_201520160AB1819,AB,1819,Introduced,"Pending Referral",Assembly,CA
CA_201520160AB182,AB,182,Enrolled,Vetoed,Assembly,CA
CA_201520160AB1820,AB,1820,"Amended Assembly","In Committee Process",Assembly,CA
CA_201520160AB1821,AB,1821,Introduced,"In Committee Process",Assembly,CA
CA_201520160AB1822,AB,1822,"Amended Assembly","In Committee Process",Assembly,CA
CA_201520160AB1823,AB,1823,Chaptered,Chaptered,Assembly,CA
CA_201520160AB1824,AB,1824,Enrolled,Vetoed,Assembly,CA
CA_201520160AB1825,AB,1825,Chaptered,Chaptered,Assembly,CA
CA_201520160AB1826,AB,1826,Chaptered,Chaptered,Assembly,CA
CA_201520160AB1827,AB,1827,"Amended Assembly","In Committee Process",Assembly,CA
CA_201520160AB1828,AB,1828,"Amended Assembly","In Committee Process",Assembly,CA
CA_201520160AB1829,AB,1829,Chaptered,Chaptered,Assembly,CA
CA_201520160AB183,AB,183,"Amended Assembly",Died,Assembly,CA
CA_201520160AB1830,AB,1830,Introduced,"Pending Referral",Assembly,CA
CA_201520160AB1831,AB,1831,Enrolled,Vetoed,Assembly,CA
CA_201520160AB1832,AB,1832,Introduced,"Pending Referral",Assembly,CA
CA_201520160AB1833,AB,1833,"Amended Assembly","In Committee Process",Assembly,CA
CA_201520160AB1834,AB,1834,Introduced,"In Committee Process",Assembly,CA
CA_201520160AB1835,AB,1835,Enrolled,Vetoed,Assembly,CA
CA_201520160AB1836,AB,1836,Chaptered,Chaptered,Assembly,CA
CA_201520160AB1837,AB,1837,"Amended Assembly","In Committee Process",Assembly,CA
CA_201520160AB1838,AB,1838,Enrolled,Vetoed,Assembly,CA
CA_201520160AB1839,AB,1839,Introduced,"In Committee Process",Assembly,CA
CA_201520160AB184,AB,184,"Amended Assembly",Died,Assembly,CA
CA_201520160AB1840,AB,1840,Chaptered,Chaptered,Assembly,CA
CA_201520160AB1841,AB,1841,Chaptered,Chaptered,Assembly,CA
CA_201520160AB1842,AB,1842,Chaptered,Chaptered,Assembly,CA
CA_201520160AB1843,AB,1843,Chaptered,Chaptered,Assembly,CA
CA_201520160AB1844,AB,1844,"Amended Assembly","In Committee Process",Assembly,CA
CA_201520160AB1845,AB,1845,Chaptered,Chaptered,Assembly,CA
CA_201520160AB1846,AB,1846,"Amended Senate","In Committee Process",Assembly,CA
CA_201520160AB1847,AB,1847,Chaptered,Chaptered,Assembly,CA
CA_201520160AB1848,AB,1848,"Amended Senate","In Committee Process",Assembly,CA
CA_201520160AB1849,AB,1849,Chaptered,Chaptered,Assembly,CA
CA_201520160AB185,AB,185,"Amended Assembly",Died,Assembly,CA
CA_201520160AB1850,AB,1850,Chaptered,Chaptered,Assembly,CA
CA_201520160AB1851,AB,1851,"Amended Assembly","In Committee Process",Assembly,CA
CA_201520160AB1852,AB,1852,Introduced,"Pending Referral",Assembly,CA
CA_201520160AB1853,AB,1853,Enrolled,Vetoed,Assembly,CA
CA_201520160AB1854,AB,1854,Chaptered,Chaptered,Assembly,CA
CA_201520160AB1855,AB,1855,Introduced,"In Committee Process",Assembly,CA
CA_201520160AB1856,AB,1856,Chaptered,Chaptered,Assembly,CA
CA_201520160AB1857,AB,1857,"Amended Assembly","In Committee Process",Assembly,CA
CA_201520160AB1858,AB,1858,Chaptered,Chaptered,Assembly,CA
CA_201520160AB1859,AB,1859,Chaptered,Chaptered,Assembly,CA
CA_201520160AB186,AB,186,Introduced,"In Committee Process",Assembly,CA
CA_201520160AB1860,AB,1860,"Amended Assembly","In Committee Process",Assembly,CA
CA_201520160AB1861,AB,1861,Introduced,"Pending Referral",Assembly,CA
CA_201520160AB1862,AB,1862,Introduced,"Pending Referral",Assembly,CA
CA_201520160AB1863,AB,1863,Chaptered,Chaptered,Assembly,CA
CA_201520160AB1864,AB,1864,Enrolled,Vetoed,Assembly,CA
CA_201520160AB1865,AB,1865,Introduced,Died,Assembly,CA
CA_201520160AB1866,AB,1866,Introduced,"In Committee Process",Assembly,CA
CA_201520160AB1867,AB,1867,Chaptered,Chaptered,Assembly,CA
CA_201520160AB1868,AB,1868,"Amended Assembly","Failed Passage in Committee",Assembly,CA
CA_201520160AB1869,AB,1869,Introduced,"In Committee Process",Assembly,CA
CA_201520160AB187,AB,187,Chaptered,Chaptered,Assembly,CA
CA_201520160AB1870,AB,1870,Introduced,"In Committee Process",Assembly,CA
CA_201520160AB1871,AB,1871,"Amended Assembly","In Committee Process",Assembly,CA
CA_201520160AB1872,AB,1872,"Amended Assembly","In Committee Process",Assembly,CA
CA_201520160AB1873,AB,1873,"Amended Assembly","In Committee Process",Assembly,CA
CA_201520160AB1874,AB,1874,Chaptered,Chaptered,Assembly,CA
CA_201520160AB1875,AB,1875,Chaptered,Chaptered,Assembly,CA
CA_201520160AB1876,AB,1876,"Amended Assembly","In Committee Process",Assembly,CA
CA_201520160AB1877,AB,1877,"Amended Assembly","In Committee Process",Assembly,CA
CA_201520160AB1878,AB,1878,Enrolled,Vetoed,Assembly,CA
CA_201520160AB1879,AB,1879,"Amended Assembly","In Committee Process",Assembly,CA
CA_201520160AB188,AB,188,Introduced,Died,Assembly,CA
CA_201520160AB1880,AB,1880,"Amended Assembly","In Floor Process",Assembly,CA
CA_201520160AB1881,AB,1881,"Amended Assembly","In Committee Process",Assembly,CA
CA_201520160AB1882,AB,1882,Introduced,"In Committee Process",Assembly,CA
CA_201520160AB1883,AB,1883,"Amended Assembly","In Committee Process",Assembly,CA
CA_201520160AB1884,AB,1884,"Amended Assembly","In Committee Process",Assembly,CA
CA_201520160AB1885,AB,1885,"Amended Assembly","In Committee Process",Assembly,CA
CA_201520160AB1886,AB,1886,"Amended Assembly","In Committee Process",Assembly,CA
CA_201520160AB1887,AB,1887,Chaptered,Chaptered,Assembly,CA
CA_201520160AB1888,AB,1888,"Amended Assembly","In Committee Process",Assembly,CA
CA_201520160AB1889,AB,1889,Chaptered,Chaptered,Assembly,CA
CA_201520160AB189,AB,189,Chaptered,Chaptered,Assembly,CA
CA_201520160AB1890,AB,1890,Enrolled,Vetoed,Assembly,CA
CA_201520160AB1891,AB,1891,Chaptered,Chaptered,Assembly,CA
CA_201520160AB1892,AB,1892,"Amended Assembly","In Committee Process",Assembly,CA
CA_201520160AB1893,AB,1893,Introduced,"Pending Referral",Assembly,CA
CA_201520160AB1894,AB,1894,Chaptered,Chaptered,Assembly,CA
CA_201520160AB1895,AB,1895,Introduced,"Pending Referral",Assembly,CA
CA_201520160AB1896,AB,1896,Introduced,"Pending Referral",Assembly,CA
CA_201520160AB1897,AB,1897,Introduced,"In Committee Process",Assembly,CA
CA_201520160AB1898,AB,1898,Introduced,"In Committee Process",Assembly,CA
CA_201520160AB1899,AB,1899,Chaptered,Chaptered,Assembly,CA
